ID,PRES,VP
RM1,P63,VP77
RM2,P64,VP78
RM3,P69,VP79
RM4,P70,VP80
RM5,P71,VP81
RM6,P72,VP82
RM7,P73,VP83
RM8,P74,VP84
RM9,P75,VP85
RM10,P76,VP86
RM11,P77,VP87
RM12,P78,VP88
RM13,P79,VP89
RM14,P80,VP90
RM15,P81,VP91
RM16,P82,VP92
RM17,P83,VP93
RM18,P84,VP94
RM19,P85,VP95
RM20,P86,VP96
RM21,P87,VP97
RM22,P88,VP98
RM23,P89,VP100
RM24,P90,VP101
RM25,P91,VP102
RM26,P92,VP103
RM27,P93,VP104
RM28,P94,VP105
RM29,P95,VP106
RM30,P96,VP107
RM31,P97,VP108
RM32,P98,VP109
RM33,P99,VP110
RM34,P100,VP111
RM35,P101,VP112
RM36,P102,VP113
RM37,P103,VP114
RM38,P104,VP115
RM39,P105,VP116
RM40,P106,VP117
RM41,P107,VP118
RM42,P108,VP119
RM43,P109,VP120
RM44,P110,VP121
RM45,P111,VP122
RM46,P112,VP123
RM47,P113,VP124
RM48,P114,VP125
RM49,P115,VP126
RM50,P116,VP127
RM51,P117,VP128
RM52,P118,VP129
RM53,P119,VP130
RM54,P120,VP131
RM55,P121,VP132
RM56,P122,VP133
RM57,P123,VP134
RM58,P124,VP135
RM59,P125,VP136
RM60,P126,VP137
RM61,P127,VP138
RM62,P128,VP139
RM63,P129,VP140
RM64,P130,VP141
RM65,P131,VP142
RM66,P132,VP143
RM67,P133,VP144
RM68,P134,VP145
RM69,P135,VP146
RM70,P136,VP147
RM71,P137,VP148
RM72,P138,VP149
RM73,P139,VP150
RM74,P140,VP151
RM75,P141,VP152
RM76,P142,VP153
RM77,P143,VP154
RM78,P144,VP155
RM79,P145,VP156
RM80,P146,VP157
RM81,P147,VP158
RM82,P148,VP159
RM83,P150,VP160
RM84,P151,VP161
RM85,P152,VP162
RM86,P153,VP163
RM87,P154,VP164
RM88,P155,VP165
RM89,P156,VP166
RM90,P157,VP167
RM91,P158,VP168
RM92,P159,VP169
RM93,P160,VP170
RM94,P161,VP171
RM95,P162,VP172
RM96,P163,VP173
RM97,P164,VP174
RM98,P165,VP175
RM99,P166,VP176
RM100,P167,VP177
RM101,P168,VP178
RM102,P169,VP179
RM103,P170,VP180
RM104,P171,VP181
RM105,P172,VP182
RM106,P173,VP183
